{"args": [-10.0, -9.8, -9.6, -9.4, -9.2, -9.0, -8.8, -8.6, -8.4, -8.2, -8.0, -7.8, -7.6, -7.4, -7.199999999999999, -7.0, -6.8, -6.6, -6.4, -6.199999999999999, -6.0, -5.8, -5.6, -5.3999999999999995, -5.199999999999999, -5.0, -4.8, -4.6, -4.3999999999999995, -4.199999999999999, -4.0, -3.8, -3.5999999999999996, -3.3999999999999995, -3.1999999999999993, -3.0, -2.8, -2.5999999999999996, -2.3999999999999995, -2.1999999999999993, -2.0, -1.799999999999999, -1.5999999999999996, -1.4000000000000004, -1.1999999999999993, -1.0, -0.7999999999999989, -0.5999999999999996, -0.3999999999999986, -0.1999999999999993, 0.0, 0.20000000000000107, 0.40000000000000036, 0.6000000000000014, 0.8000000000000007, 1.0, 1.200000000000001, 1.4000000000000004, 1.6000000000000014, 1.8000000000000007, 2.0, 2.200000000000001, 2.4000000000000004, 2.6000000000000014, 2.8000000000000007, 3.0, 3.200000000000001, 3.4000000000000004, 3.6000000000000014, 3.8000000000000007, 4.0, 4.200000000000001, 4.4, 4.600000000000001, 4.800000000000001, 5.0, 5.200000000000001, 5.4, 5.600000000000001, 5.800000000000001, 6.0, 6.199999999999999, 6.400000000000002, 6.600000000000001, 6.800000000000001, 7.0, 7.199999999999999, 7.400000000000002, 7.600000000000001, 7.800000000000001, 8.0, 8.2, 8.400000000000002, 8.600000000000001, 8.8, 9.0, 9.200000000000003, 9.400000000000002, 9.600000000000001, 9.8, 10.0], "values": [-5.440211108893697, -3.5914954666688983, -1.6735370997406045, 0.232888999261563, 2.050587209722278, 3.7090663671758093, 5.147271297447503, 6.315815041717374, 7.178630827941556, 7.713990564774139, 7.914865972987054, 7.788638093921919, 7.356189507439296, 6.65043990900604, 5.714408619713899, 4.598906191031523, 3.3599707877425353, 2.0561729991882935, 0.7459149110431593, -0.5151542974684831, -1.6764929891935552, -2.6946926405997926, -3.5350931720850007, -4.172928232802334, -4.593964209744798, -4.794621373315692, -4.781590122412035, -4.570978616713936, -4.187049125113869, -3.660618244137068, -3.027209981231713, -2.3250599855823317, -1.5930735958614672, -0.8688397468912246, -0.1867972589682534, 0.4233600241796016, 0.9379668204365342, 1.3403035667358074, 1.6211116333227626, 1.7786920884030988, 1.8185948536513634, 1.7529257355807508, 1.599317764866408, 1.3796296219838446, 1.1184469031606705, 0.8414709848078965, 0.5738848727196169, 0.3387854840370208, 0.15576733692345912, 0.03973386615901196, 0.0, 0.039733866159012664, 0.15576733692346045, 0.3387854840370227, 0.5738848727196191, 0.8414709848078965, 1.118446903160673, 1.3796296219838446, 1.5993177648664096, 1.7529257355807517, 1.8185948536513634, 1.778692088403098, 1.6211116333227618, 1.3403035667358048, 0.9379668204365322, 0.4233600241796016, -0.1867972589682592, -0.8688397468912278, -1.593073595861474, -2.325059985582335, -3.027209981231713, -3.660618244137073, -4.18704912511387, -4.570978616713939, -4.781590122412036, -4.794621373315692, -4.5939642097447955, -4.172928232802331, -3.535093172084994, -2.6946926405997886, -1.6764929891935552, -0.5151542974684831, 0.7459149110431708, 2.056172999188305, 3.359970787742541, 4.598906191031523, 5.714408619713899, 6.650439909006047, 7.356189507439301, 7.78863809392192, 7.914865972987054, 7.713990564774139, 7.17863082794155, 6.315815041717366, 5.147271297447503, 3.7090663671758093, 2.0505872097222473, 0.23288899926154635, -1.6735370997406216, -3.5914954666688983, -5.440211108893697]}
