{"args": [-5.440211108893697, -3.5914954666688983, -1.6735370997406045, 0.232888999261563, 2.050587209722278, 3.7090663671758093, 5.147271297447503, 6.315815041717374, 7.178630827941556, 7.713990564774139, 7.914865972987054, 7.788638093921919, 7.356189507439296, 6.65043990900604, 5.714408619713899, 4.598906191031523, 3.3599707877425353, 2.0561729991882935, 0.7459149110431593, -0.5151542974684831, -1.6764929891935552, -2.6946926405997926, -3.5350931720850007, -4.172928232802334, -4.593964209744798, -4.794621373315692, -4.781590122412035, -4.570978616713936, -4.187049125113869, -3.660618244137068, -3.027209981231713, -2.3250599855823317, -1.5930735958614672, -0.8688397468912246, -0.1867972589682534, 0.4233600241796016, 0.9379668204365342, 1.3403035667358074, 1.6211116333227626, 1.7786920884030988, 1.8185948536513634, 1.7529257355807508, 1.599317764866408, 1.3796296219838446, 1.1184469031606705, 0.8414709848078965, 0.5738848727196169, 0.3387854840370208, 0.15576733692345912, 0.03973386615901196, 0.0, 0.039733866159012664, 0.15576733692346045, 0.3387854840370227, 0.5738848727196191, 0.8414709848078965, 1.118446903160673, 1.3796296219838446, 1.5993177648664096, 1.7529257355807517, 1.8185948536513634, 1.778692088403098, 1.6211116333227618, 1.3403035667358048, 0.9379668204365322, 0.4233600241796016, -0.1867972589682592, -0.8688397468912278, -1.593073595861474, -2.325059985582335, -3.027209981231713, -3.660618244137073, -4.18704912511387, -4.570978616713939, -4.781590122412036, -4.794621373315692, -4.5939642097447955, -4.172928232802331, -3.535093172084994, -2.6946926405997886, -1.6764929891935552, -0.5151542974684831, 0.7459149110431708, 2.056172999188305, 3.359970787742541, 4.598906191031523, 5.714408619713899, 6.650439909006047, 7.356189507439301, 7.78863809392192, 7.914865972987054, 7.713990564774139, 7.17863082794155, 6.315815041717366, 5.147271297447503, 3.7090663671758093, 2.0505872097222473, 0.23288899926154635, -1.6735370997406216, -3.5914954666688983, -5.440211108893697], "values": [-4.061797566605474, -1.5618624387338893, 1.6647122168615782, 0.05374833330395832, 1.8190584207876994, -1.9936359538096504, -4.668161374585235, 0.2060468006686063, 5.602832958878491, 7.638526464986893, 7.900200684890765, 7.77201613085196, 6.463434499601425, 2.3878701276050287, -3.077790409633629, -4.569324811302785, -0.7279261196198296, 1.8186835343238361, 0.5062107286046033, 0.2538006180743642, 1.66713699517646, 1.1645709080117668, -1.355438646843822, -3.5803131920283624, -4.561787984308941, -4.778419492499282, -4.770145655863141, -4.525352044785642, -3.6224404220345434, -1.8157921749067112, 0.3455058176460497, 1.6944478044324487, 1.5926783095423913, 0.6634288804572049, 0.03469064694212602, 0.1739273672934772, 0.7563363807386169, 1.3048578162921949, 1.619060038721093, 1.740392220389795, 1.7630453765232283, 1.7239327564986793, 1.59866730850823, 1.3544972185197799, 1.0059565332773408, 0.6274210807838595, 0.3115613206554984, 0.1125925965090406, 0.02416546294432145, 0.0015783647282897153, 0.0, 0.001578364728289771, 0.024165462944321866, 0.11259259650904184, 0.31156132065550074, 0.6274210807838595, 1.0059565332773441, 1.3544972185197799, 1.5986673085082315, 1.72393275649868, 1.7630453765232283, 1.7403922203897944, 1.619060038721092, 1.3048578162921916, 0.7563363807386142, 0.1739273672934772, 0.03469064694212816, 0.6634288804572092, 1.5926783095423978, 1.694447804432446, 0.3455058176460497, -1.815792174906731, -3.6224404220345487, -4.525352044785646, -4.770145655863142, -4.778419492499282, -4.561787984308936, -3.580313192028355, -1.3554386468437976, 1.1645709080117748, 1.66713699517646, 0.2538006180743642, 0.5062107286046172, 1.8186835343238354, -0.7279261196198498, -4.569324811302785, -3.077790409633629, 2.387870127605075, 6.463434499601449, 7.772016130851962, 7.900200684890765, 7.638526464986893, 5.602832958878458, 0.2060468006685556, -4.668161374585235, -1.9936359538096504, 1.8190584207877014, 0.0537483333039507, 1.6647122168615922, -1.5618624387338893, -4.061797566605474]}